{
    "records": [
        {
            "name": "Cloud",
            "items": [],
            "url": "https://integration.cloud.tibco.com:443"
        },
        {
            "name": "TIBCOCloud",
            "items": [{
                "localTimestamp": 1547053997013,
                "localURI": "/BarnardIntegration/Service Descriptors/BarnardUniData_1.0.0.json",
                "disabled": false,
                "remoteTimestamp": 1546526815000,
                "localHash": "a007b318527024aed879bd0119b8c72c7226ff80",
                "remoteId": "81",
                "remoteHash": "a007b318527024aed879bd0119b8c72c7226ff80"
            }],
            "url": "https://integration.cloud.tibco.com:443"
        }
    ],
    "resources": [
        {
            "location": "Service Descriptors/barnardintegration.Scenario2-getDetails.json",
            "type": "generated"
        },
        {
            "location": "Service Descriptors/barnardintegration.Scenario3-copyData.json",
            "type": "generated"
        },
        {
            "location": "Service Descriptors/barnardintegration.Scenario4-contact.json",
            "type": "generated"
        },
        {
            "location": "Service Descriptors/barnardintegration.Process-Resource.json",
            "type": "generated"
        }
    ]
}