{
  "swagger" : "2.0",
  "info" : {
    "version" : "1.0",
    "title" : "Summary about the new REST service.",
    "description" : "Summary about the new REST service."
  },
  "host" : "localhost:8080",
  "basePath" : "/",
  "schemes" : [ "http" ],
  "paths" : {
    "/contact/{id}" : {
      "get" : {
        "summary" : "",
        "description" : "",
        "operationId" : "get-contact",
        "consumes" : [ "application/json" ],
        "produces" : [ "application/json" ],
        "parameters" : [ {
          "name" : "id",
          "in" : "path",
          "description" : "",
          "type" : "string",
          "required" : true
        } ],
        "responses" : {
          "200" : {
            "description" : "a Contact to be returned",
            "schema" : {
              "$ref" : "#/definitions/Contact"
            }
          }
        }
      }
    }
  },
  "definitions" : {
    "Contact" : {
      "type" : "object",
      "required" : [ "PhoneType", "Phone", "ID" ],
      "properties" : {
        "ID" : {
          "type" : "string"
        },
        "Phone" : {
          "type" : "string"
        },
        "PhoneType" : {
          "type" : "string"
        }
      }
    }
  }
}