{
  "swagger": "2.0",
  "info": {
    "version": "1.0.0",
    "title": "BarnardUniData",
    "x-lastModified": "Jan 03, 2019 06:46AM PST"
  },
  "paths": {
    "/studentname": {
      "get": {
        "produces": [
          "application/json"
        ],
        "responses": {
          "200": {
            "description": "Success response"
          }
        },
        "parameters": [
          {
            "name": "StudentID",
            "in": "query",
            "description": "ID of the student",
            "required": false,
            "type": "string",
            "format": ""
          }
        ],
        "operationId": "getStudentname"
      }
    }
  }
}